{
  "config": {
    "rows": 9000,
    "seed": 42,
    "random_state": 42
  },
  "dataset_rows": 9000,
  "fraud_rate": 0.14555555555555555,
  "leaderboard": [
    {
      "model": "Logistic Regression",
      "auc": 0.879118,
      "precision": 0.415959,
      "recall": 0.749235,
      "f1": 0.534934,
      "accuracy": 0.810667
    },
    {
      "model": "Random Forest",
      "auc": 0.858597,
      "precision": 0.477273,
      "recall": 0.642202,
      "f1": 0.547588,
      "accuracy": 0.845778
    }
  ]
}